                  epoch,           train/box_om,           train/cls_om,           train/dfl_om,           train/box_oo,           train/cls_oo,           train/dfl_oo,   metrics/precision(B),      metrics/recall(B),       metrics/mAP50(B),    metrics/mAP50-95(B),             val/box_om,             val/cls_om,             val/dfl_om,             val/box_oo,             val/cls_oo,             val/dfl_oo,                 lr/pg0,                 lr/pg1,                 lr/pg2
                      1,                 1.5564,                 2.5081,                 1.3326,                 1.4686,                 6.7207,                 1.2141,                0.73101,                0.55647,                0.66606,                0.33077,                 1.4985,                 2.4509,                 1.2892,                 1.4986,                 7.4586,                  1.234,             0.00066116,             0.00066116,             0.00066116
                      2,                 1.5453,                  1.695,                 1.2952,                 1.5742,                 3.9427,                 1.2453,                0.66405,                0.60714,                0.61887,                0.35876,                 1.5112,                 1.9435,                 1.3629,                 1.4572,                  3.985,                 1.3043,              0.0013147,              0.0013147,              0.0013147
                      3,                 1.5907,                 1.3675,                 1.3448,                 1.6291,                 2.3657,                 1.2992,                0.40906,                0.37248,                0.32246,                 0.1393,                 1.8098,                 2.1151,                  1.674,                 1.8387,                 3.0293,                 1.5499,               0.001955,               0.001955,               0.001955
                      4,                 1.5773,                 1.2742,                 1.3473,                 1.6577,                 1.7928,                 1.3045,                0.68274,                0.65585,                0.69026,                0.35629,                 1.5218,                 1.4488,                  1.365,                 1.6547,                 1.7796,                 1.3115,              0.0019406,              0.0019406,              0.0019406
                      5,                 1.5219,                 1.1123,                  1.316,                 1.6251,                 1.4398,                 1.2871,                 0.7333,                0.73095,                0.76198,                0.41089,                 1.5438,                 1.1746,                    1.4,                 1.6323,                 1.4324,                 1.3376,              0.0019406,              0.0019406,              0.0019406
                      6,                 1.5014,                 1.0642,                 1.3025,                 1.5984,                 1.3263,                  1.265,                0.81654,                0.72857,                0.79924,                0.45223,                 1.4501,                 1.0379,                 1.3105,                 1.5394,                 1.2188,                 1.2474,              0.0019208,              0.0019208,              0.0019208
                      7,                  1.449,                0.97653,                 1.2786,                 1.5598,                 1.1718,                 1.2512,                 0.8065,                0.74524,                0.83832,                0.48693,                 1.3701,                 1.0329,                 1.2614,                 1.4462,                 1.1281,                 1.2161,               0.001901,               0.001901,               0.001901
                      8,                 1.4014,                0.94321,                 1.2501,                 1.4981,                 1.1237,                 1.2266,                0.78466,                 0.7881,                0.83773,                0.45541,                 1.4776,                0.91438,                 1.3553,                 1.5528,                 1.0155,                 1.2801,              0.0018812,              0.0018812,              0.0018812
                      9,                 1.4204,                0.93547,                 1.2581,                 1.5224,                  1.129,                 1.2317,                0.79315,                 0.7669,                0.80284,                0.39977,                 1.6089,                 1.1471,                 1.3994,                 1.6904,                 1.3086,                 1.3621,              0.0018614,              0.0018614,              0.0018614
                     10,                 1.4111,                0.91331,                 1.2381,                 1.5128,                 1.0445,                 1.2252,                0.79595,                0.82381,                0.85604,                0.46538,                   1.49,                0.93108,                 1.3305,                 1.5484,                0.98235,                 1.2963,              0.0018416,              0.0018416,              0.0018416
                     11,                 1.3728,                0.86389,                 1.2243,                 1.5013,                0.95715,                 1.2126,                0.81597,                  0.834,                0.85442,                0.46523,                 1.4486,                0.89333,                 1.2809,                 1.5529,                0.92464,                 1.2504,              0.0018218,              0.0018218,              0.0018218
                     12,                 1.3715,                  0.873,                 1.2167,                 1.5002,                0.98058,                 1.2123,                0.85607,                    0.8,                0.87844,                0.51738,                 1.3221,                0.80231,                 1.2517,                 1.3821,                0.90239,                 1.2267,               0.001802,               0.001802,               0.001802
                     13,                 1.3456,                0.83502,                 1.2295,                 1.4559,                0.93572,                 1.2139,                0.81863,                0.79524,                0.86875,                 0.5223,                 1.3435,                0.83499,                 1.2669,                 1.3626,                0.90728,                 1.1948,              0.0017822,              0.0017822,              0.0017822
                     14,                 1.3421,                0.83361,                 1.2145,                 1.4406,                0.94613,                 1.1946,                0.84086,                0.82143,                0.88142,                0.54503,                 1.3082,                0.76072,                 1.2569,                 1.3737,                0.81044,                 1.2298,              0.0017624,              0.0017624,              0.0017624
                     15,                 1.3324,                0.80367,                 1.2115,                 1.4236,                0.89795,                 1.1901,                0.82946,                 0.8381,                0.88353,                0.54469,                 1.2981,                 0.7415,                 1.2467,                 1.2981,                0.84568,                 1.2008,              0.0017426,              0.0017426,              0.0017426
                     16,                 1.3552,                0.78267,                 1.2277,                 1.4397,                 0.8833,                 1.2015,                0.90205,                 0.7881,                0.90219,                0.56905,                 1.2877,                 0.7159,                 1.2141,                 1.3069,                0.78084,                  1.173,              0.0017228,              0.0017228,              0.0017228
                     17,                 1.3171,                0.79034,                 1.2163,                 1.4258,                0.88037,                 1.1967,                0.83085,                0.83038,                0.88595,                0.56178,                  1.262,                0.69839,                 1.1874,                 1.2759,                0.79063,                 1.1652,               0.001703,               0.001703,               0.001703
                     18,                 1.2901,                0.75743,                 1.1866,                 1.3933,                0.82963,                 1.1664,                0.86197,                0.83333,                0.90287,                0.56727,                 1.2555,                0.69306,                 1.1945,                 1.3065,                 0.7116,                 1.1633,              0.0016832,              0.0016832,              0.0016832
                     19,                 1.2984,                0.79175,                 1.2078,                 1.3899,                0.84286,                 1.1862,                0.86149,                0.84762,                0.89909,                0.53481,                 1.3552,                0.73236,                 1.2674,                 1.3677,                0.75362,                 1.2116,              0.0016634,              0.0016634,              0.0016634
                     20,                 1.2752,                0.74352,                 1.1833,                 1.3768,                0.80419,                 1.1609,                0.82034,                0.84762,                0.88581,                0.55544,                 1.3184,                0.73368,                 1.2497,                 1.2787,                0.81544,                 1.1449,              0.0016436,              0.0016436,              0.0016436
                     21,                 1.2388,                0.73044,                 1.1645,                 1.3475,                0.81808,                 1.1347,                0.87703,                0.84286,                0.91272,                0.56795,                 1.2375,                0.71905,                 1.2057,                  1.272,                 0.7229,                 1.1477,              0.0016238,              0.0016238,              0.0016238
                     22,                 1.2361,                0.72017,                 1.1681,                  1.344,                0.76369,                 1.1504,                0.89462,                0.86915,                0.92283,                0.59186,                 1.2521,                 0.6324,                 1.2145,                 1.2839,                0.64785,                 1.1677,               0.001604,               0.001604,               0.001604
                     23,                 1.2689,                0.72696,                 1.1795,                 1.3626,                0.76848,                   1.15,                0.89442,                0.84762,                 0.9206,                0.57254,                 1.2526,                0.67046,                 1.2119,                 1.2804,                0.70212,                 1.1609,              0.0015842,              0.0015842,              0.0015842
                     24,                 1.2401,                0.69666,                 1.1723,                 1.3463,                 0.7189,                 1.1553,                0.90797,                0.86914,                0.93695,                  0.592,                 1.2136,                0.68128,                 1.1686,                 1.2922,                0.67725,                 1.1465,              0.0015644,              0.0015644,              0.0015644
                     25,                 1.2597,                0.70014,                 1.1772,                  1.365,                0.71668,                 1.1486,                0.90043,                0.86125,                0.92913,                0.57483,                 1.3119,                0.64275,                 1.2103,                  1.392,                0.62235,                 1.1746,              0.0015446,              0.0015446,              0.0015446
                     26,                  1.248,                0.70608,                 1.1607,                 1.3518,                0.72238,                 1.1381,                0.89011,                0.88095,                0.91949,                0.52928,                 1.4149,                0.69957,                  1.295,                 1.4801,                 0.6966,                 1.2343,              0.0015248,              0.0015248,              0.0015248
                     27,                 1.2147,                0.69561,                 1.1636,                 1.3179,                0.70919,                  1.142,                 0.9138,                0.89762,                0.94544,                0.61023,                 1.1982,                0.62431,                 1.1725,                 1.2365,                0.59289,                 1.1133,               0.001505,               0.001505,               0.001505
                     28,                 1.2119,                0.68624,                 1.1565,                 1.3177,                0.71289,                 1.1217,                0.85553,                0.86905,                0.90645,                0.51936,                 1.3907,                0.68637,                 1.3085,                 1.4429,                0.74358,                 1.2188,              0.0014852,              0.0014852,              0.0014852
                     29,                 1.1869,                0.67597,                  1.149,                 1.2889,                0.69603,                 1.1218,                0.91957,                0.87111,                0.93385,                0.60169,                 1.1893,                0.63895,                 1.1511,                 1.2395,                0.59742,                 1.1157,              0.0014654,              0.0014654,              0.0014654
                     30,                 1.2008,                0.68953,                 1.1482,                 1.3168,                0.70189,                  1.126,                0.88606,                0.89286,                0.91325,                0.58253,                 1.2346,                0.66945,                 1.1927,                 1.3126,                0.64349,                 1.1457,              0.0014456,              0.0014456,              0.0014456
                     31,                 1.1864,                0.67053,                 1.1511,                 1.2965,                0.67306,                 1.1208,                0.93328,                0.89927,                0.94759,                0.62016,                 1.1648,                0.59818,                 1.1606,                 1.2293,                0.56096,                 1.1083,              0.0014258,              0.0014258,              0.0014258
                     32,                 1.1677,                 0.6567,                 1.1463,                  1.278,                0.68953,                 1.1216,                0.92602,                0.89406,                 0.9448,                 0.6064,                 1.1804,                0.60747,                 1.1719,                 1.2225,                0.57408,                 1.1283,               0.001406,               0.001406,               0.001406
                     33,                 1.1769,                0.66529,                 1.1403,                 1.2899,                0.68684,                 1.1098,                0.90304,                0.88699,                0.93738,                0.61235,                 1.1746,                0.59596,                 1.1849,                 1.2176,                0.59967,                 1.1187,              0.0013862,              0.0013862,              0.0013862
                     34,                 1.1392,                0.63328,                 1.1197,                 1.2446,                0.64205,                 1.0958,                0.90312,                0.88786,                0.93288,                0.58968,                 1.2081,                0.62055,                 1.2032,                 1.2679,                0.58899,                 1.1685,              0.0013664,              0.0013664,              0.0013664
                     35,                 1.1478,                0.64783,                 1.1342,                 1.2572,                0.65462,                 1.1021,                0.91536,                0.87548,                0.94221,                0.60361,                 1.1869,                0.61266,                 1.1826,                 1.2346,                0.59677,                 1.1427,              0.0013466,              0.0013466,              0.0013466
                     36,                 1.1204,                0.63108,                 1.1233,                 1.2289,                0.62905,                 1.0976,                0.91151,                    0.9,                0.94162,                0.61127,                   1.15,                0.58946,                 1.1687,                 1.1902,                0.54506,                 1.1174,              0.0013268,              0.0013268,              0.0013268
                     37,                 1.1407,                0.63178,                 1.1301,                 1.2414,                0.63895,                 1.1065,                0.90324,                 0.9119,                0.94717,                0.63276,                 1.1211,                0.59881,                 1.1391,                 1.1877,                0.52753,                 1.0985,               0.001307,               0.001307,               0.001307
                     38,                 1.1309,                0.62731,                 1.1275,                 1.2253,                0.62898,                 1.0929,                0.90861,                0.90952,                0.93592,                0.60662,                 1.1868,                0.59497,                 1.2089,                  1.245,                0.53841,                 1.1591,              0.0012872,              0.0012872,              0.0012872
                     39,                 1.1331,                0.62059,                 1.1244,                 1.2264,                0.61684,                 1.0908,                0.91692,                0.91974,                0.94865,                0.63506,                 1.1196,                 0.5588,                 1.1337,                 1.1645,                0.52873,                 1.0701,              0.0012674,              0.0012674,              0.0012674
                     40,                 1.1094,                0.62209,                 1.1088,                  1.218,                0.61886,                 1.0864,                 0.8994,                0.92619,                0.95936,                0.62947,                 1.1403,                 0.5708,                 1.1425,                  1.208,                0.51276,                 1.1138,              0.0012476,              0.0012476,              0.0012476
                     41,                 1.1025,                0.60874,                 1.1078,                 1.1982,                0.60207,                 1.0848,                0.91962,                0.89286,                0.94644,                0.61728,                 1.1653,                0.56463,                   1.16,                 1.2309,                0.54999,                 1.1173,              0.0012278,              0.0012278,              0.0012278
                     42,                 1.1081,                0.61389,                 1.1069,                  1.218,                0.61052,                 1.0936,                0.90076,                0.91667,                0.95069,                0.62692,                 1.1305,                0.56645,                 1.1538,                 1.1974,                0.55552,                 1.1235,               0.001208,               0.001208,               0.001208
                     43,                 1.0958,                0.59632,                 1.1022,                 1.1771,                 0.5881,                 1.0823,                0.91315,                0.92619,                0.95458,                0.64174,                 1.1278,                0.53917,                 1.1594,                 1.1521,                0.49601,                 1.1118,              0.0011882,              0.0011882,              0.0011882
                     44,                 1.0824,                0.60049,                 1.1109,                 1.1733,                  0.592,                 1.0873,                0.93191,                0.90714,                0.95949,                0.64406,                  1.108,                0.56002,                 1.1257,                  1.145,                0.47847,                  1.098,              0.0011684,              0.0011684,              0.0011684
                     45,                 1.0787,                0.59242,                 1.0859,                  1.177,                0.56878,                 1.0699,                 0.9512,                0.88187,                 0.9633,                0.65854,                 1.0968,                0.54126,                 1.1152,                 1.1134,                0.48355,                  1.077,              0.0011486,              0.0011486,              0.0011486
                     46,                 1.0715,                0.58692,                 1.0928,                 1.1611,                0.58771,                 1.0819,                0.95001,                    0.9,                0.96368,                0.66421,                 1.0572,                0.53114,                 1.1151,                 1.1089,                0.46309,                 1.0871,              0.0011288,              0.0011288,              0.0011288
                     47,                 1.0492,                0.59336,                 1.0867,                 1.1537,                0.61185,                 1.0673,                0.90088,                0.93095,                0.95686,                0.63726,                 1.0917,                0.56382,                 1.1431,                 1.1459,                0.51075,                 1.1091,               0.001109,               0.001109,               0.001109
                     48,                 1.0647,                0.59117,                 1.0996,                 1.1586,                0.59174,                 1.0845,                0.92457,                0.90471,                0.95158,                0.66137,                 1.0438,                 0.5393,                 1.1176,                 1.0831,                0.49363,                 1.0905,              0.0010892,              0.0010892,              0.0010892
                     49,                 1.0344,                0.56587,                 1.0893,                 1.1299,                0.56571,                 1.0741,                0.94342,                0.91311,                0.95946,                0.65455,                 1.0968,                0.52345,                 1.1581,                  1.139,                0.44928,                 1.1253,              0.0010694,              0.0010694,              0.0010694
                     50,                  1.039,                0.56786,                 1.0875,                  1.135,                0.55561,                 1.0771,                0.93519,                0.92381,                0.96594,                0.64865,                 1.0788,                0.52721,                 1.1396,                 1.1317,                0.45339,                 1.1108,              0.0010496,              0.0010496,              0.0010496
                     51,                 1.0331,                0.56994,                 1.0737,                   1.13,                0.57342,                 1.0657,                0.92724,                 0.8881,                0.95884,                0.65117,                 1.0909,                0.52648,                 1.1454,                 1.1332,                0.50336,                 1.1113,              0.0010298,              0.0010298,              0.0010298
                     52,                 1.0207,                0.57684,                 1.0754,                 1.1171,                0.56922,                 1.0572,                0.95474,                0.90238,                 0.9633,                0.67299,                 1.0439,                0.51356,                 1.1217,                  1.087,                0.44012,                 1.0879,                0.00101,                0.00101,                0.00101
                     53,                 1.0269,                0.56885,                 1.0803,                 1.1232,                0.55382,                 1.0618,                 0.9322,                0.91661,                 0.9577,                0.66062,                 1.0199,                0.51311,                 1.1077,                 1.0547,                0.47409,                 1.0904,              0.0009902,              0.0009902,              0.0009902
                     54,                  1.028,                 0.5709,                 1.0866,                 1.1155,                0.55958,                 1.0659,                 0.9599,                0.89286,                0.96566,                0.67335,                 1.0335,                 0.5254,                 1.1026,                 1.0671,                0.46758,                 1.0631,              0.0009704,              0.0009704,              0.0009704
                     55,                  1.004,                0.54469,                 1.0672,                 1.0891,                0.53558,                 1.0513,                0.95173,                0.92143,                0.96769,                0.67103,                 1.0146,                0.51392,                 1.0971,                 1.0617,                0.42463,                 1.0699,              0.0009506,              0.0009506,              0.0009506
                     56,                 1.0218,                0.57274,                 1.0701,                  1.113,                0.56897,                 1.0503,                 0.9182,                0.93543,                0.96843,                0.65801,                  1.071,                0.51622,                 1.1229,                 1.1084,                0.45358,                 1.0955,              0.0009308,              0.0009308,              0.0009308
                     57,                0.99867,                0.54013,                 1.0585,                 1.0858,                0.51158,                  1.048,                0.94724,                0.94036,                0.96961,                0.67427,                 1.0572,                 0.5089,                 1.1272,                 1.0792,                0.43409,                 1.0973,               0.000911,               0.000911,               0.000911
                     58,                0.97512,                0.53583,                 1.0556,                 1.0655,                0.51498,                 1.0512,                0.93319,                0.90476,                0.95873,                0.67064,                 1.0362,                0.50167,                 1.1233,                  1.074,                0.45154,                 1.0887,              0.0008912,              0.0008912,              0.0008912
                     59,                0.98151,                0.53348,                 1.0558,                  1.071,                0.50953,                 1.0428,                0.93757,                 0.9381,                0.96819,                0.67046,                 1.0476,                 0.5039,                 1.1199,                 1.0764,                0.44569,                 1.0888,              0.0008714,              0.0008714,              0.0008714
                     60,                0.97191,                0.54549,                   1.05,                 1.0609,                0.51085,                 1.0468,                0.95086,                0.92137,                0.97137,                0.68593,                 1.0248,                0.48511,                 1.1227,                 1.0468,                0.41026,                 1.0891,              0.0008516,              0.0008516,              0.0008516
                     61,                 0.9525,                0.53056,                 1.0455,                 1.0404,                0.50736,                 1.0463,                0.93381,                0.90689,                0.96209,                0.66406,                   1.04,                0.50342,                 1.1294,                 1.0664,                0.46791,                 1.0985,              0.0008318,              0.0008318,              0.0008318
                     62,                0.97839,                0.53739,                 1.0539,                 1.0716,                0.50756,                 1.0455,                 0.9524,                0.90515,                0.96497,                 0.6731,                  1.026,                0.49557,                  1.109,                 1.0589,                0.44151,                  1.073,               0.000812,               0.000812,               0.000812
                     63,                0.95695,                0.51823,                 1.0447,                 1.0374,                0.48124,                 1.0355,                0.93125,                0.93528,                 0.9747,                0.69954,                0.97591,                0.46634,                 1.0834,                 1.0148,                0.40644,                 1.0535,              0.0007922,              0.0007922,              0.0007922
                     64,                0.94591,                0.51811,                 1.0382,                 1.0213,                0.49871,                 1.0284,                0.94762,                0.92381,                0.97091,                0.67179,                 1.0312,                0.47713,                 1.1315,                 1.0676,                0.42937,                 1.0995,              0.0007724,              0.0007724,              0.0007724
                     65,                0.96413,                  0.528,                  1.046,                  1.051,                0.51098,                 1.0381,                0.93986,                0.92857,                0.97071,                0.68351,                 0.9987,                0.47812,                 1.1041,                 1.0363,                0.42959,                 1.0676,              0.0007526,              0.0007526,              0.0007526
                     66,                 0.9397,                0.51431,                 1.0438,                 1.0175,                0.49098,                 1.0311,                0.93979,                0.92915,                0.97729,                0.68857,                 1.0106,                0.47546,                 1.1042,                 1.0631,                0.39736,                 1.0769,              0.0007328,              0.0007328,              0.0007328
                     67,                0.93995,                0.51094,                 1.0269,                 1.0213,                0.47964,                 1.0205,                0.94512,                0.94048,                0.97619,                0.70555,                0.96883,                0.46342,                 1.0983,                 1.0034,                0.38672,                 1.0719,               0.000713,               0.000713,               0.000713
                     68,                0.91397,                 0.5046,                 1.0174,                 1.0004,                0.46585,                 1.0178,                0.95145,                0.93328,                0.97631,                0.71176,                0.93561,                0.46617,                 1.0512,                0.96884,                0.37981,                 1.0366,              0.0006932,              0.0006932,              0.0006932
                     69,                0.91353,                0.49622,                 1.0267,                 1.0041,                0.47555,                 1.0254,                 0.9436,                0.95604,                0.97696,                0.69571,                0.98914,                0.46432,                 1.0897,                 1.0153,                 0.4091,                  1.066,              0.0006734,              0.0006734,              0.0006734
                     70,                0.90339,                0.50034,                  1.018,                0.98685,                0.47598,                 1.0169,                0.94086,                0.94692,                0.97606,                0.70114,                0.97676,                 0.4636,                 1.0992,                 1.0198,                0.38907,                 1.0847,              0.0006536,              0.0006536,              0.0006536
                     71,                0.89754,                0.48584,                 1.0215,                0.98246,                0.45952,                 1.0099,                0.93877,                0.94524,                0.97478,                0.69366,                0.97269,                0.45821,                   1.09,                 1.0136,                0.39833,                 1.0592,              0.0006338,              0.0006338,              0.0006338
                     72,                0.90272,                0.49688,                 1.0216,                0.98897,                0.46928,                 1.0152,                0.91969,                0.95428,                0.97518,                 0.7065,                0.96041,                 0.4539,                 1.0736,                0.99751,                0.39097,                 1.0544,               0.000614,               0.000614,               0.000614
                     73,                0.88722,                0.49374,                 1.0156,                0.96669,                0.46645,                 1.0114,                0.93865,                0.94706,                0.98025,                0.70672,                0.98447,                0.46052,                 1.0985,                 1.0059,                0.38156,                 1.0698,              0.0005942,              0.0005942,              0.0005942
                     74,                0.88066,                0.48851,                 1.0142,                0.95336,                 0.4551,                 1.0156,                0.95196,                0.94362,                0.98008,                0.70658,                0.94862,                0.44511,                 1.0871,                0.97617,                0.37429,                 1.0594,              0.0005744,              0.0005744,              0.0005744
                     75,                0.87228,                 0.4859,                 1.0037,                0.95076,                  0.463,                 1.0048,                0.95176,                 0.9396,                0.97623,                0.71983,                 0.9363,                0.45495,                 1.0715,                0.97374,                0.37139,                 1.0637,              0.0005546,              0.0005546,              0.0005546
                     76,                0.87368,                0.48224,                 1.0116,                0.95789,                0.45308,                 1.0112,                0.91253,                0.94762,                 0.9748,                0.70881,                0.94969,                0.45149,                 1.0767,                   0.98,                0.37801,                 1.0583,              0.0005348,              0.0005348,              0.0005348
                     77,                0.87379,                0.47724,                 1.0086,                0.94618,                0.44638,                 1.0062,                0.93474,                0.94286,                0.97668,                0.70919,                0.93829,                0.44744,                 1.0809,                0.98062,                0.37385,                 1.0647,               0.000515,               0.000515,               0.000515
                     78,                0.86892,                0.49133,                 1.0131,                0.93921,                0.46843,                 1.0162,                0.94029,                0.93739,                0.97953,                0.71866,                0.94128,                 0.4511,                 1.0847,                0.96774,                0.37223,                 1.0618,              0.0004952,              0.0004952,              0.0004952
                     79,                0.85852,                0.48318,                0.99866,                0.94175,                0.46872,                0.99894,                0.96944,                0.92381,                0.97961,                0.71761,                0.93379,                0.44442,                 1.0635,                0.97514,                0.36239,                 1.0539,              0.0004754,              0.0004754,              0.0004754
                     80,                 0.8574,                0.47092,                0.99831,                 0.9356,                0.44492,                0.99416,                0.95209,                0.94624,                0.98014,                0.71228,                0.93644,                0.44258,                 1.0712,                0.98803,                0.36246,                  1.055,              0.0004556,              0.0004556,              0.0004556
                     81,                0.84257,                0.46478,                 0.9862,                0.92364,                0.43317,                0.98711,                0.96137,                0.94818,                0.98154,                0.72546,                0.92363,                0.43139,                 1.0559,                0.96389,                0.33371,                 1.0362,              0.0004358,              0.0004358,              0.0004358
                     82,                 0.8435,                0.45945,                0.99774,                0.91309,                0.43098,                0.99362,                0.96083,                0.93459,                0.98108,                0.71991,                 0.9172,                0.42938,                 1.0606,                0.95805,                0.36062,                 1.0421,               0.000416,               0.000416,               0.000416
                     83,                0.84644,                0.46987,                0.99993,                0.91602,                0.44467,                 1.0021,                 0.9476,                0.94726,                0.98207,                0.72868,                0.92008,                 0.4292,                 1.0496,                0.94046,                0.36306,                 1.0237,              0.0003962,              0.0003962,              0.0003962
                     84,                0.83916,                0.45843,                0.98985,                0.91362,                0.42711,                0.98624,                 0.9657,                 0.9381,                0.98571,                 0.7258,                0.91507,                0.42497,                 1.0443,                0.95474,                0.35164,                 1.0286,              0.0003764,              0.0003764,              0.0003764
                     85,                 0.8278,                0.46691,                0.98787,                0.90761,                0.43019,                0.99291,                0.95905,                0.94793,                 0.9856,                0.73632,                0.88574,                0.41728,                 1.0406,                0.92577,                0.33864,                 1.0159,              0.0003566,              0.0003566,              0.0003566
                     86,                0.81177,                0.44681,                0.98491,                0.88415,                0.40833,                0.98137,                0.96108,                0.94065,                0.98494,                0.73451,                0.90926,                0.41443,                 1.0556,                0.94889,                0.34278,                 1.0335,              0.0003368,              0.0003368,              0.0003368
                     87,                 0.8031,                0.45102,                0.98113,                0.87721,                0.41441,                0.98544,                 0.9593,                0.94286,                0.98436,                0.72956,                0.91592,                0.41444,                 1.0546,                0.95152,                0.34868,                 1.0279,               0.000317,               0.000317,               0.000317
                     88,                0.80792,                0.44443,                 0.9752,                0.89152,                0.41604,                0.98286,                0.95931,                   0.95,                0.98542,                0.73218,                 0.8873,                0.41228,                 1.0402,                 0.9219,                0.33859,                 1.0252,              0.0002972,              0.0002972,              0.0002972
                     89,                0.79694,                0.44034,                0.96743,                0.87854,                0.39088,                0.97035,                0.94595,                0.95833,                0.98203,                0.72683,                0.90695,                0.41632,                 1.0621,                 0.9343,                0.34982,                 1.0403,              0.0002774,              0.0002774,              0.0002774
                     90,                0.78767,                0.43925,                0.96838,                 0.8563,                0.41397,                0.97328,                0.95612,                0.94524,                0.98309,                0.74351,                0.87397,                0.40833,                 1.0381,                0.91091,                0.33104,                 1.0243,              0.0002576,              0.0002576,              0.0002576
                     91,                0.75014,                0.39739,                 0.9553,                0.79013,                0.32981,                0.94897,                0.96066,                0.93016,                0.97701,                0.72952,                0.91561,                0.42331,                 1.0654,                0.94241,                0.36023,                 1.0522,              0.0002378,              0.0002378,              0.0002378
                     92,                0.72053,                0.40588,                0.93735,                0.76244,                 0.3301,                0.93074,                0.93843,                 0.9381,                0.97829,                0.73778,                0.88694,                0.41656,                 1.0547,                0.90879,                0.34644,                 1.0406,               0.000218,               0.000218,               0.000218
                     93,                0.70635,                0.36924,                   0.93,                0.75084,                0.28727,                0.91874,                0.92771,                0.94724,                0.98274,                0.73145,                0.90611,                0.41044,                 1.0559,                0.92866,                0.35371,                 1.0404,              0.0001982,              0.0001982,              0.0001982
                     94,                0.68227,                0.36681,                0.91964,                0.72101,                0.28455,                0.90811,                0.94674,                0.95476,                0.98367,                0.73685,                0.87984,                0.40574,                 1.0471,                0.90903,                0.34943,                 1.0231,              0.0001784,              0.0001784,              0.0001784
                     95,                0.70098,                0.36712,                0.92979,                0.73527,                0.30281,                0.92373,                0.94815,                0.95777,                0.98377,                0.73195,                0.91338,                0.41098,                 1.0555,                0.93412,                0.33752,                 1.0373,              0.0001586,              0.0001586,              0.0001586
                     96,                0.68685,                0.36572,                  0.924,                0.73066,                0.28404,                0.91695,                 0.9658,                 0.9619,                0.98831,                0.73535,                0.88802,                0.40878,                  1.047,                0.91825,                0.33001,                 1.0338,              0.0001388,              0.0001388,              0.0001388
                     97,                 0.6811,                0.36168,                 0.9208,                0.71963,                0.27389,                0.90806,                 0.9549,                0.95781,                0.98622,                0.74009,                0.87063,                0.40262,                 1.0454,                0.90518,                 0.3367,                 1.0347,               0.000119,               0.000119,               0.000119
                     98,                0.66851,                0.35343,                0.92088,                0.70911,                0.27472,                0.91565,                0.94119,                0.95952,                0.98561,                0.74093,                0.86945,                0.40022,                 1.0412,                0.90984,                0.33186,                 1.0325,               9.92e-05,               9.92e-05,               9.92e-05
                     99,                0.66142,                0.35597,                0.91773,                0.70149,                0.28613,                 0.9139,                0.95875,                0.95952,                0.98797,                0.73529,                0.88868,                0.40432,                 1.0467,                0.91704,                0.32099,                 1.0299,               7.94e-05,               7.94e-05,               7.94e-05
                    100,                 0.6558,                0.35801,                0.91641,                0.68612,                0.27887,                0.91204,                0.95762,                0.95714,                0.98698,                0.74279,                0.85948,                 0.3962,                 1.0369,                 0.8899,                0.32826,                 1.0182,               5.96e-05,               5.96e-05,               5.96e-05
